t,x,y,z
0.34093689918518066,0.22972107554080218,-0.11832085839036971,-0.280045080037783
0.6586949825286865,0.22749721179617405,-0.12082282485676925,-0.28451045916628886
0.9933087825775146,0.2261205285349302,-0.12168686940107316,-0.2864506239423214
1.3086721897125244,0.21811022709910777,-0.15261031921317947,-0.26935604146131115
1.628493070602417,0.1614369475637256,-0.22493877531182757,-0.22831916844737232
1.934530258178711,0.09123943046362634,-0.30013070946724496,-0.2630068275787576
2.2778382301330566,0.029897442512865247,-0.32604352882554294,-0.2787875582113585
2.5951411724090576,0.02421997653211999,-0.3303010311729403,-0.2629933233863563
2.902756929397583,0.012010454362246847,-0.40135357734914046,-0.21581316212439394
3.229679822921753,0.05449307607915116,-0.46479669422342484,-0.16122410529692208
3.5495424270629883,0.10198463607587517,-0.5039508075594603,-0.1606012640461931
3.8625569343566895,0.13146093926514274,-0.49739588227555775,-0.15640297039089449
4.173494815826416,0.14282581324240184,-0.48528214290734245,-0.16856808326798475
4.500802278518677,0.16506306228371267,-0.4562804228905183,-0.20379584971766698
4.82525372505188,0.1555901035816808,-0.3950891342054284,-0.262731231216241
5.138995170593262,0.16535943722217109,-0.36745460576457356,-0.2764487222624393
5.478318691253662,0.17920084480160997,-0.37102697175269156,-0.28251344755650054
5.793694019317627,0.27375184500877653,-0.33049637455637626,-0.3078744279906082
6.105530500411987,0.25944116495639075,-0.20110607029287286,-0.35789232169965124
6.437652349472046,0.1972417362620742,-0.14294029716890727,-0.3888492285348909
6.7559309005737305,0.19110715887257185,-0.1509669956280746,-0.3881578817511196
7.062487602233887,0.1883363912555973,-0.17542056474299783,-0.36465634953073095
7.3798298835754395,0.12846018365786208,-0.28712431448767417,-0.29811354528711376
7.725636959075928,-0.003383356557862996,-0.3778728409732188,-0.3388617471214555
8.03122091293335,-0.02273235690682733,-0.39333861129311887,-0.3130117085039371
